<?xml version="1.0" encoding="UTF-8"?>
<!DOCTYPE suite SYSTEM "https://testng.org/testng-1.0.dtd">
<suite name="Suite">
  <test thread-count="5" name="Test">
  
  <groups>
  <define name="Custom1">
    <include name="Regression"></include>
  </define>
  
  <run>
  <include name="Custom1"></include>
  <exclude name="System"></exclude>
     </run>
  </groups>
  
  
  
    <classes>
      <class name="demo.TestNGGroupDemo"/>
    </classes>
  </test> <!-- Test -->
</suite> <!-- Suite -->
